number,name,series
1,Mario,Super Mario Series
2,Builder Mario,Super Mario Maker Series
3,Mario (Wedding),Super Mario Series
4,Luigi,Super Mario Series
5,Peach,Super Mario Series
6,Daisy,Super Mario Series
7,Bowser,Super Mario Series
8,Dr. Mario,Dr. Mario Series
9,Rosalina,Super Mario Series
10,Bowser Jr.,Super Mario Series
11,Iggy,Super Mario Series
12,Wendy,Super Mario Series
13,Lemmy,Super Mario Series
14,Roy (Super Mario Bros.),Super Mario Series
15,Larry,Super Mario Series
16,Ludwig,Super Mario Series
17,Morton,Super Mario Series
18,Super Mushroom,Super Mario Series
19,Fire Flower,Super Mario Series
20,Super Star,Super Mario Series
21,Metal Mario,Super Mario Series
22,Boo Mario,Super Mario Series
23,Rock Mario,Super Mario Series
24,Gold Mario,Super Mario Series
25,Fox Luigi,Super Mario Series
26,Flying Squirrel Toad,Super Mario Series
27,Baby Peach,Super Mario Series
28,Cat Princess Peach,Super Mario Series
29,Peach (Wedding),Super Mario Series
30,Bowser (Wedding),Super Mario Series
31,Toad,Super Mario Series
32,Captain Toad,Captain Toad: Treasure Tracker Series
33,Toadette,Captain Toad: Treasure Tracker Series
34,Toadsworth,Super Mario Series
35,Waluigi,Super Mario Series
36,Goomba,Super Mario Series
37,Koopa Troopa,Super Mario Series
38,Hammer Bro,Super Mario Series
39,Lakitu & Spiny,Super Mario Series
40,Blooper,Super Mario Series
41,Bullet Bill,Super Mario Series
42,Banzai Bill,Super Mario Series
43,Shy Guy,Super Mario Series
44,Pidgit,Super Mario Series
45,Birdo,Super Mario Series
46,Mouser,Super Mario Series
47,Wart,Super Mario Series
48,Boo,Super Mario Series
49,King Boo,Luigi's Mansion Series
50,Bob-omb,Super Mario Series
51,Chain Chomp,Super Mario Series
52,Thwomp,Super Mario Series
53,Nipper Plant,Super Mario Series
54,Petey Piranha,Super Mario Series
55,Boom Boom,Super Mario Series
56,Boom Boom & Pom Pom,Super Mario Series
57,Tatanga,Super Mario Land Series
58,Hothead,Super Mario Series
59,Chargin' Chuck,Super Mario Series
60,Wiggler,Super Mario Series
61,Kamek,Super Mario Series
62,Mechakoopa,Super Mario Series
63,Dry Bowser,Super Mario Series
64,Nabbit,Super Mario Series
65,Big Urchin,Super Mario Series
66,King Bob-omb,Super Mario Series
67,Shine Sprite,Super Mario Series
68,F.L.U.D.D.,Super Mario Series
69,Piantas,Super Mario Series
70,Shadow Mario,Super Mario Series
71,Luma,Super Mario Series
72,Hungry Luma,Super Mario Series
73,Honey Queen,Super Mario Series
74,Lubba,Super Mario Series
75,Starship Mario,Super Mario Series
76,Sprixie Princesses,Super Mario Series
77,Plessie,Super Mario Series
78,Cappy,Super Mario Series
79,Pauline,Super Mario Series
80,The Odyssey,Super Mario Series
81,Goo-Goo Buggy,Mario Kart Series
82,Barrel Train,Mario Kart Series
83,Bloom Coach,Mario Kart Series
84,Turbo Yoshi,Mario Kart Series
85,B Dasher,Mario Kart Series
86,Standard Kart,Mario Kart Series
87,Standard Bike,Mario Kart Series
88,Cheep Charger,Mario Kart Series
89,Mach 8,Mario Kart Series
90,Biddybuggy,Mario Kart Series
91,Badwagon,Mario Kart Series
92,City Tripper,Mario Kart Series
93,Master Cycle,Mario Kart Series
94,Paper Mario,Paper Mario Series
95,Paper Bowser,Paper Mario Series
96,Paper Bowser (Paper Mario: Sticker Star),Paper Mario Series
97,Kammy Koopa,Paper Mario Series
98,Vivian,Paper Mario Series
99,Shadow Queen,Paper Mario Series
100,Mr. L,Paper Mario Series
101,Dimentio,Paper Mario Series
102,Huey,Paper Mario Series
103,Mallow,Super Mario RPG: Legend of the Seven Stars
104,Geno,Super Mario RPG: Legend of the Seven Stars
105,Prince Peasley,Mario & Luigi Series
106,Fawful,Mario & Luigi Series
107,Princess Shroob,Mario & Luigi Series
108,Starlow,Mario & Luigi Series
109,Broque Monsieur,Mario & Luigi Series
110,Dreambert,Mario & Luigi Series
111,Antasma,Mario & Luigi Series
112,Papercraft Mario,Mario & Luigi Series
113,Sidestepper,Mario Bros. Series
114,Freezie,Mario Bros. Series
115,Eggplant Man,Wrecking Crew Series
116,Viruses,Dr. Mario Series
117,Flies & Hand,Mario Paint Series
118,Wanda,Super Mario Series
119,Kid,Mario Golf Series
120,Professor Elvin Gadd,Luigi's Mansion Series
121,Poltergust 5000,Luigi's Mansion Series
122,Polterpup,Luigi's Mansion Series
123,Perry,Super Princess Peach
124,Waluigi (Super Mario Strikers),Super Mario Strikers Series
125,Petey Piranha (Super Mario Strikers),Super Mario Strikers Series
126,Mini Mario,Mario vs. Donkey Kong Series
127,Mini Mario & Hammers,Mario vs. Donkey Kong Series
128,MC Ballyhoo & Big Top,Mario Party Series
129,Rabbid Peach,Mario + Rabbids Kingdom Battle
130,Rabbid Mario,Mario + Rabbids Kingdom Battle
131,Rabbid Kong,Mario + Rabbids Kingdom Battle
132,Mario (Mario Tennis Aces),Mario Tennis Aces
133,Luigi (Mario Tennis Aces),Mario Tennis Aces
134,Donkey Kong,Donkey Kong Series
135,Diddy Kong,Donkey Kong Series
136,King K. Rool,Donkey Kong Series
137,Donkey Kong & Lady,Donkey Kong Series
138,Donkey Kong Jr.,Donkey Kong Series
139,Stanley,Donkey Kong Series
140,Cranky Kong,Donkey Kong Series
141,Funky Kong,Donkey Kong Series
142,Candy Kong,Donkey Kong Series
143,Swanky Kong,Donkey Kong Series
144,Wrinkly Kong,Donkey Kong Series
145,Dixie Kong,Donkey Kong Series
146,Dixie Kong & Kiddy Kong,Donkey Kong Series
147,Lanky Kong,Donkey Kong Series
148,Tiny Kong,Donkey Kong Series
149,Chunky Kong,Donkey Kong Series
150,Rambi,Donkey Kong Series
151,Enguarde,Donkey Kong Series
152,Squawks,Donkey Kong Series
153,Expresso,Donkey Kong Series
154,Winky,Donkey Kong Series
155,Squitter,Donkey Kong Series
156,Rattly,Donkey Kong Series
157,Ellie,Donkey Kong Series
158,Professor Chops,Donkey Kong Series
159,Kritter,Donkey Kong Series
160,Zinger,Donkey Kong Series
161,Klaptrap,Donkey Kong Series
162,Kaptain K. Rool,Donkey Kong Series
163,Baron K. Roolenstein,Donkey Kong Series
164,Blast-o-Matic,Donkey Kong Series
165,Tiki Tak Tribe,Donkey Kong Series
166,Lord Fredrik,Donkey Kong Series
167,Kip,Donkey Kong: Barrel Blast
168,Kalypso,Donkey Kong: Barrel Blast
169,Donkey Kong & Bongos,Donkey Kong Jungle Beat
170,Karate Kong,Donkey Kong Jungle Beat
171,Ninja Kong,Donkey Kong Jungle Beat
172,Link,The Legend of Zelda Series
173,Zelda,The Legend of Zelda Series
174,Sheik,The Legend of Zelda Series
175,Ganondorf,The Legend of Zelda Series
176,Young Link,The Legend of Zelda Series
177,Toon Link,The Legend of Zelda Series
178,Link (The Legend of Zelda),The Legend of Zelda Series
179,Octorok,The Legend of Zelda Series
180,Moblin,The Legend of Zelda Series
181,Tektite,The Legend of Zelda Series
182,Like Like,The Legend of Zelda Series
183,Darknut,The Legend of Zelda Series
184,Fairy Bottle,The Legend of Zelda Series
185,Agahnim,The Legend of Zelda Series
186,Cucco,The Legend of Zelda Series
187,Marin,The Legend of Zelda Series
188,Wind Fish,The Legend of Zelda Series
189,Young Zelda,The Legend of Zelda Series
190,Zelda (Ocarina of Time),The Legend of Zelda Series
191,Ganon,The Legend of Zelda Series
192,Saria,The Legend of Zelda Series
193,Impa (Ocarina of Time),The Legend of Zelda Series
194,Kaepora Gaebora,The Legend of Zelda Series
195,Malon,The Legend of Zelda Series
196,Epona,The Legend of Zelda Series
197,Goron,The Legend of Zelda Series
198,Darunia,The Legend of Zelda Series
199,Zora,The Legend of Zelda Series
200,Ruto,The Legend of Zelda Series
201,Great Fairy,The Legend of Zelda Series
202,Koume & Kotake,The Legend of Zelda Series
203,Twinrova,The Legend of Zelda Series
204,ReDead,The Legend of Zelda Series
205,Skull Kid,The Legend of Zelda Series
206,Skull Kid & Majora's Mask,The Legend of Zelda Series
207,Deku Link,The Legend of Zelda Series
208,Fierce Deity Link,The Legend of Zelda Series
209,Majora's Mask,The Legend of Zelda Series
210,Moon,The Legend of Zelda Series
211,Tingle,The Legend of Zelda Series
212,Happy Mask Salesman,The Legend of Zelda Series
213,Kafei,The Legend of Zelda Series
214,Postman,The Legend of Zelda Series
215,Din,The Legend of Zelda Series
216,Nayru,The Legend of Zelda Series
217,Ricky,The Legend of Zelda Series
218,Dimitri (The Legend of Zelda),The Legend of Zelda Series
219,Moosh,The Legend of Zelda Series
220,Ganondorf (Twilight Princess),The Legend of Zelda Series
221,Beast Ganon,The Legend of Zelda Series
222,Midna,The Legend of Zelda Series
223,Wolf Link & Midna,The Legend of Zelda Series
224,Zant,The Legend of Zelda Series
225,Agitha,The Legend of Zelda Series
226,King Bulblin & Lord Bullbo,The Legend of Zelda Series
227,Fi,The Legend of Zelda Series
228,Ghirahim,The Legend of Zelda Series
229,The Imprisoned,The Legend of Zelda Series
230,Demise,The Legend of Zelda Series
231,Loftwing,The Legend of Zelda Series
232,Groose,The Legend of Zelda Series
233,Wall-Merged Link,The Legend of Zelda Series
234,Link (A Link Between Worlds),The Legend of Zelda Series
235,Ravio,The Legend of Zelda Series
236,Hilda (The Legend of Zelda),The Legend of Zelda Series
237,Yuga,The Legend of Zelda Series
238,Zelda (Breath of the Wild),The Legend of Zelda Series
239,Mipha,The Legend of Zelda Series
240,Daruk,The Legend of Zelda Series
241,Revali,The Legend of Zelda Series
242,Urbosa,The Legend of Zelda Series
243,Calamity Ganon,The Legend of Zelda Series
244,Bokoblin,The Legend of Zelda Series
245,Guardian,The Legend of Zelda Series
246,Tetra,The Legend of Zelda Series
247,Zelda (The Wind Waker),The Legend of Zelda Series
248,King of Red Lions,The Legend of Zelda Series
249,King of Hyrule,The Legend of Zelda Series
250,Aryll,The Legend of Zelda Series
251,Medli,The Legend of Zelda Series
252,Valoo,The Legend of Zelda Series
253,Beedle,The Legend of Zelda Series
254,Fishman,The Legend of Zelda Series
255,Vaati,The Legend of Zelda Series
256,Ezlo,The Legend of Zelda Series
257,Linebeck,The Legend of Zelda Series
258,Phantom,The Legend of Zelda Series
259,Zelda (Spirit Tracks),The Legend of Zelda Series
260,Alfonzo & Engineer Link,The Legend of Zelda Series
261,Byrne,The Legend of Zelda Series
262,Totem Link,The Legend of Zelda Series
263,Madame Couture,The Legend of Zelda Series
264,Samus,Metroid Series
265,Dark Samus,Metroid Prime Series
266,Zero Suit Samus,Metroid Series
267,Ridley,Metroid Series
268,Meta Ridley,Metroid Prime Series
269,Gravity Suit,Metroid Series
270,Fusion Suit,Metroid Series
271,Phazon Suit,Metroid Prime Series
272,Dark Suit,Metroid Prime Series
273,Light Suit,Metroid Prime Series
274,Young Samus,Metroid Series
275,Geemer,Metroid Series
276,Chozo Statue,Metroid Series
277,Metroid,Metroid Series
278,Mother Brain,Metroid Series
279,Mother Brain (2nd Form),Metroid Series
280,Gunship,Metroid Series
281,Queen Metroid,Metroid Series
282,Zebesian,Metroid Series
283,Kraid,Metroid Series
284,Phantoon,Metroid Series
285,X Parasite,Metroid Series
286,Nightmare,Metroid Series
287,Mecha Ridley,Metroid Series
288,Adam Malkovich,Metroid Series
289,Little Birdie,Metroid Series
290,Diggernaut,Metroid Series
291,Omega Ridley,Metroid Prime Series
292,Parasite Queen,Metroid Prime Series
293,Kanden,Metroid Prime Series
294,Trace,Metroid Prime Series
295,Gandrayda,Metroid Prime Series
296,Mech,Metroid Prime Series
297,Yoshi,Yoshi Series
298,Yoshi (Yoshi's Crafted World),Yoshi Series
299,Baby Mario,Yoshi Series
300,Baby Mario (Superstar Mario),Yoshi Series
301,Baby Bowser,Yoshi Series
302,Stork,Yoshi Series
303,Toadies,Yoshi Series
304,Crazee Dayzee,Yoshi Series
305,Tap-Tap,Yoshi Series
306,Bandit,Yoshi Series
307,Slugger & Green Glove,Yoshi Series
308,Little Mouser,Yoshi Series
309,Grim Leecher,Yoshi Series
310,Roger the Potted Ghost,Yoshi Series
311,Burt the Bashful,Yoshi Series
312,Raphael the Raven,Yoshi Series
313,Super Happy Tree,Yoshi Series
314,Pak E. Derm,Yoshi Series
315,Blargg,Yoshi Series
316,Don Bongo,Yoshi Series
317,Hongo,Yoshi Series
318,Spirit Who Loves Surprises,Yoshi Series
319,Mega Eggdozer,Yoshi Series
320,Ukiki,Yoshi Series
321,Yarn Yoshi,Yoshi Series
322,Yarn Poochy,Yoshi Series
323,Kirby,Kirby Series
324,Meta Knight,Kirby Series
325,King Dedede,Kirby Series
326,Warp Star,Kirby Series
327,Star Rod,Kirby Series
328,Ultra Sword,Kirby Series
329,Robobot Armor,Kirby Series
330,Halberd,Kirby Series
331,Dragoon,Kirby Series
332,Rick,Kirby Series
333,Kine,Kirby Series
334,Coo,Kirby Series
335,Gooey,Kirby Series
336,Nago,Kirby Series
337,Pitch,Kirby Series
338,ChuChu,Kirby Series
339,Whispy Woods,Kirby Series
340,Kracko,Kirby Series
341,Nightmare's Power Orb,Kirby Series
342,Nightmare Wizard,Kirby Series
343,Dark Matter,Kirby Series
344,Gryll,Kirby Series
345,Dyna Blade,Kirby Series
346,Heavy Lobster,Kirby Series
347,Marx,Kirby Series
348,Marx (True Form),Kirby Series
349,Moley,Kirby Series
350,Dark Mind,Kirby Series
351,Daroach,Kirby Series
352,Dark Daroach,Kirby Series
353,Masked Dedede,Kirby Series
354,Galacta Knight,Kirby Series
355,Magolor,Kirby Series
356,Landia,Kirby Series
357,Queen Sectonia,Kirby Series
358,Susie,Kirby Series
359,The Three Mage-Sisters,Kirby Series
360,Waddle Dee,Kirby Series
361,Bandana Waddle Dee,Kirby Series
362,Waddle Doo,Kirby Series
363,Bronto Burt,Kirby Series
364,Poppy Bros. Jr.,Kirby Series
365,Gordo,Kirby Series
366,Scarfy,Kirby Series
367,Angry Scarfy,Kirby Series
368,Rocky,Kirby Series
369,Wheelie,Kirby Series
370,Bomber,Kirby Series
371,Bugzzy,Kirby Series
372,Bonkers,Kirby Series
373,Mr. Frosty,Kirby Series
374,Meta-Knights,Kirby Series
375,Mr. Shine & Mr. Bright,Kirby Series
376,Plasma Wisp,Kirby Series
377,Tac,Kirby Series
378,Chef Kawasaki,Kirby Series
379,Knuckle Joe,Kirby Series
380,Prince Fluff,Kirby's Epic Yarn
381,Elline,Kirby Series
382,Fox McCloud,Star Fox Series
383,Falco Lombardi,Star Fox Series
384,Wolf O'Donnell,Star Fox Series
385,Slippy Toad,Star Fox Series
386,Peppy Hare,Star Fox Series
387,Krystal,Star Fox Series
388,ROB 64,Star Fox Series
389,James McCloud,Star Fox Series
390,Arwing,Star Fox Series
391,Great Fox,Star Fox Series
392,Landmaster,Star Fox Series
393,Walker,Star Fox Series
394,Gyrowing,Star Fox Series
395,Leon Powalski,Star Fox Series
396,Pigma Dengar,Star Fox Series
397,Andrew Oikonny,Star Fox Series
398,Panther Caroso,Star Fox Series
399,Wolfen,Star Fox Series
400,Andross,Star Fox Series
401,Andross (Star Fox 64 3D),Star Fox Series
402,Andross (True Form),Star Fox Series
403,Aparoid,Star Fox Series
404,General Pepper,Star Fox Series
405,Tricky,Star Fox Series
406,Dash Bowman,Star Fox Series
407,Pikachu,Pok�mon Series
408,Pikachu Libre,Pok�mon Series
409,Jigglypuff,Pok�mon Series
410,Pichu,Pok�mon Series
411,Mewtwo,Pok�mon Series
412,Pokémon Trainer (Male),Pok�mon Series
413,Pokémon Trainer (Female),Pok�mon Series
414,Squirtle,Pok�mon Series
415,Ivysaur,Pok�mon Series
416,Charizard,Pok�mon Series
417,Lucario,Pok�mon Series
418,Greninja,Pok�mon Series
419,Incineroar,Pok�mon Series
420,Venusaur,Pok�mon Series
421,Charmander,Pok�mon Series
422,Mega Charizard X,Pok�mon Series
423,Blastoise,Pok�mon Series
424,Metapod,Pok�mon Series
425,Pidgey,Pok�mon Series
426,Arbok,Pok�mon Series
427,Alolan Raichu,Pok�mon Series
428,Sandshrew,Pok�mon Series
429,Clefairy,Pok�mon Series
430,Vulpix,Pok�mon Series
431,Alolan Vulpix,Pok�mon Series
432,Dugtrio,Pok�mon Series
433,Meowth,Pok�mon Series
434,Psyduck,Pok�mon Series
435,Arcanine,Pok�mon Series
436,Abra,Pok�mon Series
437,Machamp,Pok�mon Series
438,Geodude,Pok�mon Series
439,Rapidash,Pok�mon Series
440,Slowpoke,Pok�mon Series
441,Magneton,Pok�mon Series
442,Farfetch'd,Pok�mon Series
443,Gengar,Pok�mon Series
444,Electrode,Pok�mon Series
445,Alolan Exeggutor,Pok�mon Series
446,Cubone,Pok�mon Series
447,Hitmonlee,Pok�mon Series
448,Weezing,Pok�mon Series
449,Chansey,Pok�mon Series
450,Kangaskhan,Pok�mon Series
451,Mega Kangaskhan,Pok�mon Series
452,Goldeen,Pok�mon Series
453,Staryu,Pok�mon Series
454,Pinsir,Pok�mon Series
455,Tauros,Pok�mon Series
456,Gyarados,Pok�mon Series
457,Lapras,Pok�mon Series
458,Ditto,Pok�mon Series
459,Eevee,Pok�mon Series
460,Porygon,Pok�mon Series
461,Snorlax,Pok�mon Series
462,"Articuno, Zapdos, & Moltres",Pok�mon Series
463,Dragonite,Pok�mon Series
464,Mega Mewtwo Y,Pok�mon Series
465,Mew,Pok�mon Series
466,Chikorita,Pok�mon Series
467,Togepi,Pok�mon Series
468,Ampharos,Pok�mon Series
469,Bellossom,Pok�mon Series
470,Marill,Pok�mon Series
471,Sudowoodo,Pok�mon Series
472,Wooper,Pok�mon Series
473,Unown,Pok�mon Series
474,Wobbuffet,Pok�mon Series
475,Steelix,Pok�mon Series
476,Scizor,Pok�mon Series
477,Heracross,Pok�mon Series
478,Skarmory,Pok�mon Series
479,Houndoom,Pok�mon Series
480,Smeargle,Pok�mon Series
481,Miltank,Pok�mon Series
482,"Raikou, Entei, & Suicune",Pok�mon Series
483,Tyranitar,Pok�mon Series
484,Lugia,Pok�mon Series
485,Ho-Oh,Pok�mon Series
486,Celebi,Pok�mon Series
487,Blaziken,Pok�mon Series
488,Gardevoir,Pok�mon Series
489,Shedinja,Pok�mon Series
490,Flygon,Pok�mon Series
491,Milotic,Pok�mon Series
492,Absol,Pok�mon Series
493,Salamence,Pok�mon Series
494,Metagross,Pok�mon Series
495,Latias & Latios,Pok�mon Series
496,Kyogre,Pok�mon Series
497,Primal Kyogre,Pok�mon Series
498,Groudon,Pok�mon Series
499,Primal Groudon,Pok�mon Series
500,Rayquaza,Pok�mon Series
501,Jirachi,Pok�mon Series
502,Deoxys (Normal Forme),Pok�mon Series
503,Piplup,Pok�mon Series
504,Garchomp,Pok�mon Series
505,Mega Lucario,Pok�mon Series
506,Abomasnow,Pok�mon Series
507,Rotom,Pok�mon Series
508,"Uxie, Mesprit, & Azelf",Pok�mon Series
509,Dialga,Pok�mon Series
510,Palkia,Pok�mon Series
511,Regigigas,Pok�mon Series
512,Giratina (Altered Forme),Pok�mon Series
513,Giratina (Origin Forme),Pok�mon Series
514,Cresselia,Pok�mon Series
515,Manaphy,Pok�mon Series
516,Darkrai,Pok�mon Series
517,Shaymin (Land Forme),Pok�mon Series
518,Shaymin (Sky Forme),Pok�mon Series
519,Arceus,Pok�mon Series
520,Victini,Pok�mon Series
521,Oshawott,Pok�mon Series
522,Zoroark,Pok�mon Series
523,Chandelure,Pok�mon Series
524,Hydreigon,Pok�mon Series
525,"Cobalion, Terrakion, & Virizion",Pok�mon Series
526,Tornadus (Incarnate Forme),Pok�mon Series
527,Thundurus (Incarnate Forme),Pok�mon Series
528,Reshiram,Pok�mon Series
529,Zekrom,Pok�mon Series
530,Landorus (Therian Forme),Pok�mon Series
531,Kyurem,Pok�mon Series
532,Kyurem (Black Kyurem),Pok�mon Series
533,Kyurem (White Kyurem),Pok�mon Series
534,Keldeo (Ordinary Form),Pok�mon Series
535,Keldeo (Resolute Form),Pok�mon Series
536,Meloetta (Aria Forme),Pok�mon Series
537,Genesect,Pok�mon Series
538,Chespin,Pok�mon Series
539,Aegislash,Pok�mon Series
540,Inkay,Pok�mon Series
541,Dedenne,Pok�mon Series
542,Xerneas,Pok�mon Series
543,Yveltal,Pok�mon Series
544,Zygarde (50% Forme),Pok�mon Series
545,Zygarde (Complete Forme),Pok�mon Series
546,Diancie,Pok�mon Series
547,Mega Diancie,Pok�mon Series
548,Hoopa (Confined),Pok�mon Series
549,Hoopa (Unbound),Pok�mon Series
550,Volcanion,Pok�mon Series
551,Rowlet,Pok�mon Series
552,Bewear,Pok�mon Series
553,Pyukumuku,Pok�mon Series
554,Togedemaru,Pok�mon Series
555,Mimikyu,Pok�mon Series
556,Tapu Koko,Pok�mon Series
557,Solgaleo,Pok�mon Series
558,Lunala,Pok�mon Series
559,Nihilego,Pok�mon Series
560,Necrozma,Pok�mon Series
561,Magearna,Pok�mon Series
562,Detective Pikachu,Detective Pikachu
563,Ness,EarthBound Series
564,Lucas,EarthBound Series
565,Ninten,EarthBound Series
566,Ana,EarthBound Series
567,Lloyd,EarthBound Series
568,Teddy,EarthBound Series
569,EVE,EarthBound Series
570,Flying Man,EarthBound Series
571,Starman,EarthBound Series
572,Paula,EarthBound Series
573,Jeff,EarthBound Series
574,Poo,EarthBound Series
575,Buzz Buzz,EarthBound Series
576,Ness's Father,EarthBound Series
577,Mr. Saturn,EarthBound Series
578,Dungeon Man,EarthBound Series
579,Ramblin' Evil Mushroom,EarthBound Series
580,Master Belch,EarthBound Series
581,Flint,EarthBound Series
582,Hinawa,EarthBound Series
583,Boney,EarthBound Series
584,Duster,EarthBound Series
585,Kumatora,EarthBound Series
586,Salsa,EarthBound Series
587,Ultimate Chimera,EarthBound Series
588,Absolutely Safe Capsule,EarthBound Series
589,Masked Man,EarthBound Series
590,Claus,EarthBound Series
591,Captain Falcon,F-Zero Series
592,Dr. Stewart,F-Zero Series
593,Pico,F-Zero Series
594,Samurai Goroh,F-Zero Series
595,Jody Summer,F-Zero Series
596,Mighty Gazelle,F-Zero Series
597,Baba,F-Zero Series
598,Octoman,F-Zero Series
599,Mr. EAD,F-Zero Series
600,Bio Rex,F-Zero Series
601,Blood Falcon,F-Zero Series
602,Jack Levin,F-Zero Series
603,Zoda,F-Zero Series
604,Black Shadow,F-Zero Series
605,The Skull,F-Zero Series
606,Ice Climbers,Ice Climber Series
607,Condor,Ice Climber Series
608,Polar Bear,Ice Climber Series
609,Eggplant,Ice Climber Series
610,Marth,Fire Emblem Series
611,Lucina,Fire Emblem Series
612,Roy (Fire Emblem),Fire Emblem Series
613,Chrom,Fire Emblem Series
614,Ike (Path of Radiance),Fire Emblem Series
615,Ike (Radiant Dawn),Fire Emblem Series
616,Robin (Male),Fire Emblem Series
617,Robin (Female),Fire Emblem Series
618,Corrin (Male),Fire Emblem Series
619,Corrin (Female),Fire Emblem Series
620,Caeda,Fire Emblem Series
621,Jagen,Fire Emblem Series
622,Draug,Fire Emblem Series
623,Wrys,Fire Emblem Series
624,Bord & Cord & Barst,Fire Emblem Series
625,Navarre,Fire Emblem Series
626,Merric,Fire Emblem Series
627,Minerva,Fire Emblem Series
628,Linde,Fire Emblem Series
629,Pegasus Sisters,Fire Emblem Series
630,Tiki,Fire Emblem Series
631,Tiki (Naga's Voice),Fire Emblem Series
632,Nyna,Fire Emblem Series
633,Camus,Fire Emblem Series
634,Sirius,Fire Emblem Series
635,Medeus,Fire Emblem Series
636,Gharnef,Fire Emblem Series
637,Alm & Celica (Young),Fire Emblem Series
638,Alm & Celica,Fire Emblem Series
639,Sigurd,Fire Emblem Series
640,Deirdre,Fire Emblem Series
641,Seliph,Fire Emblem Series
642,Leif (Fire Emblem),Fire Emblem Series
643,Julius,Fire Emblem Series
644,Lilina,Fire Emblem Series
645,Lyn,Fire Emblem Series
646,Lyn (Blade Lord),Fire Emblem Series
647,Eliwood,Fire Emblem Series
648,Hector (Fire Emblem),Fire Emblem Series
649,Raven,Fire Emblem Series
650,Ninian,Fire Emblem Series
651,Karel,Fire Emblem Series
652,Nino,Fire Emblem Series
653,Eirika,Fire Emblem Series
654,Ephraim,Fire Emblem Series
655,L'Arachel,Fire Emblem Series
656,Lyon,Fire Emblem Series
657,Titania,Fire Emblem Series
658,Soren,Fire Emblem Series
659,Mist,Fire Emblem Series
660,Sothe,Fire Emblem Series
661,Elincia,Fire Emblem Series
662,Queen Elincia,Fire Emblem Series
663,Ashnard,Fire Emblem Series
664,Zelgius,Fire Emblem Series
665,Black Knight,Fire Emblem Series
666,Micaiah,Fire Emblem Series
667,Lissa,Fire Emblem Series
668,Lon'qu,Fire Emblem Series
669,Cordelia,Fire Emblem Series
670,Tharja,Fire Emblem Series
671,Anna,Fire Emblem Series
672,Gangrel,Fire Emblem Series
673,Walhart,Fire Emblem Series
674,Owain,Fire Emblem Series
675,Severa,Fire Emblem Series
676,Azura,Fire Emblem Series
677,Jakob,Fire Emblem Series
678,Ryoma,Fire Emblem Series
679,Hinoka,Fire Emblem Series
680,Takumi,Fire Emblem Series
681,Sakura (Fire Emblem),Fire Emblem Series
682,Xander,Fire Emblem Series
683,Camilla,Fire Emblem Series
684,Leo,Fire Emblem Series
685,Elise,Fire Emblem Series
686,Garon,Fire Emblem Series
687,Tsubasa Oribe,Tokyo Mirage Sessions #FE
688,Tsubasa Oribe (Carnage Form),Tokyo Mirage Sessions #FE
689,Mr. Game & Watch,Game & Watch Series
690,Ball,Game & Watch Series
691,Flagman,Game & Watch Series
692,Fire,Game & Watch Series
693,Judge,Game & Watch Series
694,Manhole,Game & Watch Series
695,Helmet,Game & Watch Series
696,Lion,Game & Watch Series
697,Parachute,Game & Watch Series
698,Octopus,Game & Watch Series
699,Chef (Game & Watch),Game & Watch Series
700,Turtle Bridge,Game & Watch Series
701,Fire Attack,Game & Watch Series
702,Oil Panic,Game & Watch Series
703,Pit,Kid Icarus Series
704,Dark Pit,Kid Icarus Series
705,Palutena,Kid Icarus Series
706,Pit (Original),Kid Icarus Series
707,Centurion,Kid Icarus Series
708,Three Sacred Treasures,Kid Icarus Series
709,Daybreak,Kid Icarus Series
710,Medusa,Kid Icarus Series
711,Medusa (Kid Icarus: Uprising),Kid Icarus Series
712,Twinbellows,Kid Icarus Series
713,Hewdraw,Kid Icarus Series
714,Pandora,Kid Icarus Series
715,Amazon Pandora,Kid Icarus Series
716,Thanatos,Kid Icarus Series
717,Hades,Kid Icarus Series
718,Hades (Final Form),Kid Icarus Series
719,Specknose,Kid Icarus Series
720,Reaper & Reapette,Kid Icarus Series
721,Eggplant Wizard,Kid Icarus Series
722,Pseudo-Palutena,Kid Icarus Series
723,Viridi,Kid Icarus Series
724,Phosphora,Kid Icarus Series
725,Lurchthorn,Kid Icarus Series
726,Magnus,Kid Icarus Series
727,Dyntos,Kid Icarus Series
728,Mimicutie,Kid Icarus Series
729,Wario,WarioWare Series
730,Wario (Overalls),Wario Land Series
731,Jimmy T,WarioWare Series
732,Mona,WarioWare Series
733,9-Volt & 18-Volt,WarioWare Series
734,Dribble & Spitz,WarioWare Series
735,Kat & Ana,WarioWare Series
736,Dr. Crygor,WarioWare Series
737,Orbulon,WarioWare Series
738,Wario-Man,WarioWare Series
739,Ashley,WarioWare Series
740,Young Cricket,WarioWare Series
741,5-Volt,WarioWare Series
742,5-Volt (Angry),WarioWare Series
743,Pyoro,WarioWare Series
744,Fronks,WarioWare Series
745,Captain Syrup,Wario Land Series
746,Princess Shokora,Wario Land Series
747,Count Cannoli,Wario Land Series
748,Shake King,Wario Land Series
749,Solid Snake,Metal Gear Solid Series
750,Liquid Snake,Metal Gear Solid Series
751,Gray Fox,Metal Gear Solid Series
752,Hal Emmerich,Metal Gear Solid Series
753,Roy Campbell,Metal Gear Solid Series
754,Meryl Silverburgh,Metal Gear Solid Series
755,Mei Ling,Metal Gear Solid Series
756,Solidus Snake,Metal Gear Solid Series
757,Rosemary,Metal Gear Solid Series
758,Naked Snake,Metal Gear Solid Series
759,Big Boss,Metal Gear Solid Series
760,The Boss,Metal Gear Solid Series
761,EVA,Metal Gear Solid Series
762,Revolver Ocelot (Metal Gear Solid 3),Metal Gear Solid Series
763,Revolver Ocelot (Metal Gear Solid V),Metal Gear Solid Series
764,Zero (Metal Gear Solid 3),Metal Gear Solid Series
765,Raiden,Metal Gear Solid Series
766,Kazuhira Miller,Metal Gear Solid Series
767,Paz Ortega Andrade,Metal Gear Solid Series
768,Strangelove,Metal Gear Solid Series
769,Metal Gear REX,Metal Gear Solid Series
770,Metal Gear RAY,Metal Gear Solid Series
771,Gekko,Metal Gear Solid Series
772,Metal Gear ZEKE,Metal Gear Solid Series
773,Sahelanthropus,Metal Gear Solid Series
774,Cardboard Box,Metal Gear Solid Series
775,Sonic the Hedgehog,Sonic The Hedgehog Series
776,Dr. Eggman,Sonic The Hedgehog Series
777,Tails,Sonic The Hedgehog Series
778,Super Sonic,Sonic The Hedgehog Series
779,Amy,Sonic The Hedgehog Series
780,Metal Sonic,Sonic The Hedgehog Series
781,Knuckles,Sonic The Hedgehog Series
782,Chaotix,Sonic The Hedgehog Series
783,Big the Cat,Sonic The Hedgehog Series
784,Gamma,Sonic The Hedgehog Series
785,Chaos,Sonic The Hedgehog Series
786,Chao,Sonic The Hedgehog Series
787,Hero Chao,Sonic The Hedgehog Series
788,Shadow the Hedgehog,Sonic The Hedgehog Series
789,Super Shadow,Sonic The Hedgehog Series
790,Rouge the Bat,Sonic The Hedgehog Series
791,Cream & Cheese,Sonic The Hedgehog Series
792,Omega,Sonic The Hedgehog Series
793,Blaze the Cat,Sonic The Hedgehog Series
794,Jet the Hawk,Sonic The Hedgehog Series
795,Silver the Hedgehog,Sonic The Hedgehog Series
796,Sonic the Werehog,Sonic The Hedgehog Series
797,Infinite,Sonic The Hedgehog Series
798,Olimar,Pikmin Series
799,Alph,Pikmin Series
800,Louie,Pikmin Series
801,Charlie,Pikmin Series
802,Brittany,Pikmin Series
803,Red Pikmin,Pikmin Series
804,Blue Pikmin,Pikmin Series
805,Yellow Pikmin,Pikmin Series
806,White Pikmin,Pikmin Series
807,Purple Pikmin,Pikmin Series
808,Winged Pikmin,Pikmin Series
809,Rock Pikmin,Pikmin Series
810,Bulborb,Pikmin Series
811,Empress Bulblax,Pikmin Series
812,Emperor Bulblax,Pikmin Series
813,Burrowing Snagret,Pikmin Series
814,Plasm Wraith,Pikmin Series
815,Fiery Blowhog,Pikmin Series
816,Smoky Progg,Pikmin Series
817,Swooping Snitchbug,Pikmin Series
818,Iridescent Glint Beetle,Pikmin Series
819,Yellow Wollywog,Pikmin Series
820,Peckish Aristocrab,Pikmin Series
821,Mockiwi,Pikmin Series
822,R.O.B.,R.O.B. Series
823,Stack-Up,R.O.B. Series
824,Gyromite,R.O.B. Series
825,Villager (Boy),Animal Crossing Series
826,Villager (Girl),Animal Crossing Series
827,Isabelle,Animal Crossing Series
828,Tom Nook,Animal Crossing Series
829,Tom Nook (Nookington's),Animal Crossing Series
830,Timmy & Tommy,Animal Crossing Series
831,DJ K.K.,Animal Crossing Series
832,K.K. Slider,Animal Crossing Series
833,Resetti,Animal Crossing Series
834,Don,Animal Crossing Series
835,Rover,Animal Crossing Series
836,Redd,Animal Crossing Series
837,Gracie,Animal Crossing Series
838,Gulliver,Animal Crossing Series
839,Pete,Animal Crossing Series
840,Phyllis & Pelly,Animal Crossing Series
841,Copper & Booker,Animal Crossing Series
842,Joan,Animal Crossing Series
843,Katrina,Animal Crossing Series
844,Lloid,Animal Crossing Series
845,Tortimer,Animal Crossing Series
846,Kapp'n,Animal Crossing Series
847,Kapp'n (Wild World),Animal Crossing Series
848,Able Sisters,Animal Crossing Series
849,Blathers,Animal Crossing Series
850,Celeste,Animal Crossing Series
851,Harriet,Animal Crossing Series
852,Brewster,Animal Crossing Series
853,Lyle,Animal Crossing Series
854,Kaitlin & Katie,Animal Crossing Series
855,Dr. Shrunk,Animal Crossing Series
856,Frillard,Animal Crossing Series
857,Kicks,Animal Crossing Series
858,Zipper T. Bunny,Animal Crossing Series
859,Serena,Animal Crossing Series
860,Cyrus & Reese,Animal Crossing Series
861,Leif (Animal Crossing),Animal Crossing Series
862,Digby,Animal Crossing Series
863,Lottie,Animal Crossing Series
864,Mega Man,Mega Man Series
865,Proto Man,Mega Man Series
866,Bass,Mega Man Series
867,Dr. Light,Mega Man Series
868,Roll,Mega Man Series
869,Rush,Mega Man Series
870,Beat,Mega Man Series
871,Auto,Mega Man Series
872,Duo,Mega Man Series
873,Dr. Wily,Mega Man Series
874,Wily Capsule,Mega Man Series
875,Mettaur,Mega Man Series
876,Cut Man,Mega Man Series
877,Guts Man,Mega Man Series
878,Ice Man,Mega Man Series
879,Bomb Man,Mega Man Series
880,Fire Man,Mega Man Series
881,Elec Man,Mega Man Series
882,Yellow Devil,Mega Man Series
883,Metal Man,Mega Man Series
884,Air Man,Mega Man Series
885,Quick Man,Mega Man Series
886,Crash Man,Mega Man Series
887,Flash Man,Mega Man Series
888,Wood Man,Mega Man Series
889,Hard Man,Mega Man Series
890,Top Man,Mega Man Series
891,Snake Man,Mega Man Series
892,Spark Man,Mega Man Series
893,Shadow Man,Mega Man Series
894,Drill Man,Mega Man Series
895,Dive Man,Mega Man Series
896,Skull Man,Mega Man Series
897,Gravity Man,Mega Man Series
898,Napalm Man,Mega Man Series
899,Dark Man 4,Mega Man Series
900,Knight Man,Mega Man Series
901,Wind Man,Mega Man Series
902,Slash Man,Mega Man Series
903,Sword Man,Mega Man Series
904,Galaxy Man,Mega Man Series
905,X,Mega Man X Series
906,Full Armor X,Mega Man X Series
907,Zero (Zero Buster),Mega Man X Series
908,Zero (Z-Saber),Mega Man X Series
909,Axl,Mega Man X Series
910,Sigma,Mega Man X Series
911,MegaMan Volnutt,Mega Man Legends Series
912,Roll Caskett,Mega Man Legends Series
913,Tron Bonne,Mega Man Legends Series
914,MegaMan.EXE,Mega Man Battle Network Series
915,ProtoMan.EXE,Mega Man Battle Network Series
916,Geo Stelar & Omega-Xis,Mega Man Star Force Series
917,Star Force Mega Man,Mega Man Star Force Series
918,Mega Man Zero,Mega Man Zero Series
919,Model X,Mega Man ZX Series
920,Model ZX,Mega Man ZX Series
921,Wii Fit Trainer (Female),Wii Fit Series
922,Wii Fit Trainer (Male),Wii Fit Series
923,Wii Balance Board,Wii Fit Series
924,Pet,Wii Fit Series
925,Jackknife,Wii Fit Series
926,Deep Breathing,Wii Fit Series
927,Sun Salutation,Wii Fit Series
928,Tree,Wii Fit Series
929,Dancer,Wii Fit Series
930,Warrior,Wii Fit Series
931,Arm & Leg Lift,Wii Fit Series
932,Little Mac,Punch-Out!! Series
933,Giga Mac,Punch-Out!! Series
934,Doc Louis,Punch-Out!! Series
935,Glass Joe,Punch-Out!! Series
936,Bald Bull,Punch-Out!! Series
937,Mr. Sandman,Punch-Out!! Series
938,Bear Hugger,Punch-Out!! Series
939,Great Tiger,Punch-Out!! Series
940,Super Macho Man,Punch-Out!! Series
941,Von Kaiser,Punch-Out!! Series
942,Don Flamenco,Punch-Out!! Series
943,King Hippo,Punch-Out!! Series
944,Soda Popinski,Punch-Out!! Series
945,Piston Hondo,Punch-Out!! Series
946,PAC-MAN,PAC-MAN Series
947,Mother Fairy,PAC-MAN Series
948,Ghosts,PAC-MAN Series
949,TURN-TO-BLUE,PAC-MAN Series
950,Bonus Fruit,PAC-MAN Series
951,Shulk,Xenoblade Chronicles Series
952,Fiora,Xenoblade Chronicles Series
953,Mecha-Fiora,Xenoblade Chronicles Series
954,Reyn,Xenoblade Chronicles Series
955,Sharla,Xenoblade Chronicles Series
956,Dunban,Xenoblade Chronicles Series
957,Melia,Xenoblade Chronicles Series
958,Riki (Xenoblade Chronicles),Xenoblade Chronicles Series
959,Mumkhar,Xenoblade Chronicles Series
960,Metal Face,Xenoblade Chronicles Series
961,Elma,Xenoblade Chronicles Series
962,Lin,Xenoblade Chronicles Series
963,Lao,Xenoblade Chronicles Series
964,Tatsu,Xenoblade Chronicles Series
965,Formula,Xenoblade Chronicles Series
966,Rex,Xenoblade Chronicles Series
967,Pyra,Xenoblade Chronicles Series
968,Mythra,Xenoblade Chronicles Series
969,Nia,Xenoblade Chronicles Series
970,Tora,Xenoblade Chronicles Series
971,Poppi α,Xenoblade Chronicles Series
972,Mòrag,Xenoblade Chronicles Series
973,Zeke,Xenoblade Chronicles Series
974,Duck Hunt,Duck Hunt Series
975,Wild Gunman,Wild Gunman
976,"Gangster, Lady, & Policeman",Hogan's Alley
977,Ryu,Street Fighter Series
978,Ken,Street Fighter Series
979,E. Honda,Street Fighter Series
980,Chun-Li (Street Fighter Alpha),Street Fighter Series
981,Chun-Li,Street Fighter Series
982,Blanka,Street Fighter Series
983,Zangief,Street Fighter Series
984,Guile,Street Fighter Series
985,Dhalsim,Street Fighter Series
986,Balrog,Street Fighter Series
987,Vega,Street Fighter Series
988,Sagat,Street Fighter Series
989,M. Bison,Street Fighter Series
990,Cammy,Street Fighter Series
991,Fei Long,Street Fighter Series
992,Dee Jay,Street Fighter Series
993,T. Hawk,Street Fighter Series
994,Akuma,Street Fighter Series
995,Nash,Street Fighter Series
996,Dan,Street Fighter Series
997,Sakura (Street Fighter),Street Fighter Series
998,Gen,Street Fighter Series
999,Karin,Street Fighter Series
1000,Cody,Street Fighter Series
1001,Ibuki,Street Fighter Series
1002,Yun & Yang,Street Fighter Series
1003,Juri,Street Fighter Series
1004,Cloud,FINAL FANTASY Series
1005,Cloud (Advent Children),FINAL FANTASY Series
1006,Bayonetta (Bayonetta 2),Bayonetta Series
1007,Bayonetta (Bayonetta),Bayonetta Series
1008,Gomorrah,Bayonetta Series
1009,Madama Butterfly,Bayonetta Series
1010,Jeanne,Bayonetta Series
1011,Cutie J,Bayonetta Series
1012,Rodin,Bayonetta Series
1013,"Rodin, the Infinite One",Bayonetta Series
1014,Luka,Bayonetta Series
1015,Cereza,Bayonetta Series
1016,Loki,Bayonetta Series
1017,Balder,Bayonetta Series
1018,Father Balder,Bayonetta Series
1019,Masked Lumen,Bayonetta Series
1020,Prophet,Bayonetta Series
1021,Affinity,Bayonetta Series
1022,Inspired,Bayonetta Series
1023,Fortitudo,Bayonetta Series
1024,Alraune,Bayonetta Series
1025,Inkling (Girl),Splatoon Series
1026,Inkling (Boy),Splatoon Series
1027,Inkling Squid,Splatoon Series
1028,Judd,Splatoon Series
1029,Li'l Judd,Splatoon Series
1030,Squid Sisters,Splatoon Series
1031,Off the Hook,Splatoon Series
1032,Sheldon,Splatoon Series
1033,Annie,Splatoon Series
1034,Jelonzo,Splatoon Series
1035,Crusty Sean,Splatoon Series
1036,Spyke,Splatoon Series
1037,Flow,Splatoon Series
1038,Jelfonzo,Splatoon Series
1039,Bisk,Splatoon Series
1040,Murch,Splatoon Series
1041,Cap'n Cuttlefish,Splatoon Series
1042,Octoling,Splatoon Series
1043,DJ Octavio,Splatoon Series
1044,Octobot King,Splatoon Series
1045,Zapfish,Splatoon Series
1046,Great Zapfish,Splatoon Series
1047,Octoling Girl & Octoling Boy,Splatoon Series
1048,Octoling Octopus,Splatoon Series
1049,Super Sea Snail,Splatoon Series
1050,Simon Belmont,Castlevania Series
1051,Richter Belmont,Castlevania Series
1052,Trevor C. Belmont,Castlevania Series
1053,Maria Renard,Castlevania Series
1054,Maria Renard (Symphony of the Night),Castlevania Series
1055,Alucard,Castlevania Series
1056,Reinhardt Schneider,Castlevania Series
1057,Nathan Graves,Castlevania Series
1058,Hugh Baldwin,Castlevania Series
1059,Juste Belmont,Castlevania Series
1060,Yoko Belnades,Castlevania Series
1061,Leon Belmont,Castlevania Series
1062,Julius Belmont,Castlevania Series
1063,Hector (Castlevania),Castlevania Series
1064,Jonathan Morris,Castlevania Series
1065,Charlotte Aulin,Castlevania Series
1066,Shanoa,Castlevania Series
1067,Gabriel Belmont,Castlevania Series
1068,Medusa Head,Castlevania Series
1069,Mummy,Castlevania Series
1070,The Creature & Flea Man,Castlevania Series
1071,Death,Castlevania Series
1072,Carmilla,Castlevania Series
1073,Werewolf,Castlevania Series
1074,Shaft,Castlevania Series
1075,Dracula,Castlevania Series
1076,Soma Cruz,Castlevania Series
1077,Dracula (2nd Form),Castlevania Series
1078,Kid Dracula,Kid Dracula
1079,Sebastian Tute,Wii Music
1080,Party Phil,Wii Party Series
1081,Dark Emperor,StreetPass Mii Plaza Series
1082,Iris Archwell,StreetPass Mii Plaza Series
1083,Gold Bone,StreetPass Mii Plaza Series
1084,Coraline,StreetPass Mii Plaza Series
1085,Shinobu,StreetPass Mii Plaza Series
1086,Crispin,StreetPass Mii Plaza Series
1087,Nico Fire,StreetPass Mii Plaza Series
1088,Plane,Pilotwings Series
1089,Monita,Nintendo Land
1090,Mii Brawler,Super Smash Bros. Series
1091,Mii Swordfighter,Super Smash Bros. Series
1092,Mii Gunner,Super Smash Bros. Series
1093,Sandbag,Super Smash Bros. Series
1094,Smash Ball,Super Smash Bros. Series
1095,Master Hand,Super Smash Bros. Series
1096,Crazy Hand,Super Smash Bros. Series
1097,Giga Bowser,Super Smash Bros. Series
1098,Galleom,Super Smash Bros. Series
1099,Duon,Super Smash Bros. Series
1100,Tabuu,Super Smash Bros. Series
1101,Master Giant,Super Smash Bros. Series
1102,Master Beast,Super Smash Bros. Series
1103,Master Edges,Super Smash Bros. Series
1104,Master Core,Super Smash Bros. Series
1105,Galeem,Super Smash Bros. Series
1106,Dharkon,Super Smash Bros. Series
1107,Fighting Alloy Team,Super Smash Bros. Series
1108,Primid,Super Smash Bros. Series
1109,Mite,Super Smash Bros. Series
1110,Bytans,Super Smash Bros. Series
1111,Roturret,Super Smash Bros. Series
1112,Shadow Bug,Super Smash Bros. Series
1113,Subspace Bomb,Super Smash Bros. Series
1114,Ancient Minister,Super Smash Bros. Series
1115,Sheriff,Sheriff Series
1116,Pitcher & Batter,Baseball
1117,Tennis Player,Tennis
1118,Tamagon,Devil World
1119,Devil,Devil World
1120,Urban Champion Fighter,Urban Champion Series
1121,Bubbles,Clu Clu Land Series
1122,Unira,Clu Clu Land Series
1123,Excitebike,Excitebike Series
1124,Balloon Fighter,Balloon Fight Series
1125,Fish,Balloon Fight Series
1126,Mach Rider,Mach Rider Series
1127,Diskun,Disk System
1128,Takamaru,The Mysterious Murasame Castle
1129,Volleyball Player,Volleyball
1130,Donbe & Hikari,Famicom Mukashibanashi Series
1131,Donbe & Hikari (Shin Onigashima Kouhen),Famicom Mukashibanashi Series
1132,Hockey Players,Ice Hockey
1133,MONSTER,Famicom Grand Prix II: 3D Hot Rally Series
1134,Tank & Infantry,Famicom Wars Series
1135,Andy,Advance Wars Series
1136,Eagle,Advance Wars Series
1137,Olaf,Advance Wars Series
1138,Ayumi Tachibana,Famicom Tantei Club Series
1139,Goku & Chao,Famicom Mukashibanashi Series
1140,Sukapon,Joy Mech Fight
1141,Yakuman Player,Yakuman
1142,Commander,X
1143,Frog & Snake,Kaeru no Tame ni Kane wa Naru
1144,Prince of Sablé,Kaeru no Tame ni Kane wa Naru
1145,Prince Richard,Kaeru no Tame ni Kane wa Naru
1146,Muddy Mole,Mole Mania
1147,Maruhige Shop Owner,Trade & Battle: Card Hero Series
1148,Satoru,Trade & Battle: Card Hero Series
1149,Dr. Wright,SimCity Series
1150,ST Falcon,Battle Clash
1151,F-Type,Stunt Race FX
1152,Tractor Trailer,Stunt Race FX
1153,Lip,Panel de Pon Series
1154,"Dion, Max, & Jack",Marvelous: Mouhitotsu no Takarajima
1155,Hakkun,Sutte Hakkun
1156,Girl from Hajimari no Mori,Hajimari no Mori
1157,Harry,Teleroboxer
1158,Ryota Hayami,Wave Race Series
1159,Akari Hayami,1080� Series
1160,Ray Mk II,Custom Robo Series
1161,Ray Mk III,Custom Robo Series
1162,Flare,Custom Robo Series
1163,Bayonette,Custom Robo Series
1164,Saki Amamiya,Sin & Punishment Series
1165,Isa Jo,Sin & Punishment Series
1166,Helirin,Kuru Kuru Kururin Series
1167,Alessandro Inzaghi,Napoleon
1168,Isaac,Golden Sun Series
1169,Isaac (Dark Dawn),Golden Sun Series
1170,Garet,Golden Sun Series
1171,Ivan,Golden Sun Series
1172,Mia,Golden Sun Series
1173,Felix,Golden Sun Series
1174,Jenna,Golden Sun Series
1175,Matthew,Golden Sun Series
1176,Magical Vacation Protagonists,Magical Vacation Series
1177,Putty,Magical Vacation Series
1178,Mokka,Magical Vacation Series
1179,DeMille,Tomato Adventure
1180,Tomatrio,Tomato Adventure
1181,Starfy,The Legendary Starfy Series
1182,Starly,The Legendary Starfy Series
1183,Moe,The Legendary Starfy Series
1184,Old Man Lobber,The Legendary Starfy Series
1185,Mermaid,The Legendary Starfy Series
1186,Mattel,The Legendary Starfy Series
1187,Cupid,Sennen Kazoku
1188,Li'l Blue,Nonono Puzzle Chalien
1189,Yama,SimTower SP
1190,Jill & the Drill Dozer,Drill Dozer
1191,Pocket Football Player,Calciobit Series
1192,Karate Joe,Rhythm Heaven Series
1193,The Wandering Samurai,Rhythm Heaven Series
1194,Wandering Samurai (Rhythm Heaven Fever),Rhythm Heaven Series
1195,Sick Beats Doctor,Rhythm Heaven Series
1196,The Chorus Kids,Rhythm Heaven Series
1197,Munchy Monk,Rhythm Heaven Series
1198,Reporter & Wrestler,Rhythm Heaven Series
1199,Baxter & Forthington,Rhythm Heaven Series
1200,Sumo Brothers,Rhythm Heaven Series
1201,Pig,Cubivore: Survival of the Fittest
1202,Alexandra Roivas,Eternal Darkness: Sanity's Requiem
1203,Mappo,Giftpia
1204,Sagi,Baten Kaitos Series
1205,Milly,Baten Kaitos Series
1206,Chibi-Robo,Chibi-Robo! Series
1207,Super Chibi-Robo,Chibi-Robo! Series
1208,Telly,Chibi-Robo! Series
1209,Drake Redcrest,Chibi-Robo! Series
1210,Chibi-Tot,Chibi-Robo! Series
1211,Barbara the Bat,Jam with the Band Series
1212,Ashley Robbins,Trace Memory Series
1213,Hanenbow,Electroplankton Series
1214,Dr. Kawashima,Brain Age: Train Your Brain in Minutes a Day! Series
1215,Dr. Kawashima (Concentration Training),Brain Age: Train Your Brain in Minutes a Day! Series
1216,Dr. Lobe,Big Brain Academy Series
1217,Ouendan,Osu! Tatakae! Ouendan Series
1218,Ouendan Cheerleaders,Osu! Tatakae! Ouendan Series
1219,Elite Beat Agents,Elite Beat Agents Series
1220,Elite Beat Divas,Elite Beat Agents Series
1221,Satoru Amatsubo,Project Hacker: Kakusei
1222,Warrior Mech Gauss,Ch?s?j? Mecha MG
1223,Kyle Hyde,Hotel Dusk: Room 215
1224,Kurikin,Kurikin Nano Island Story
1225,Hsien,Sujin Taisen: Number Battles Series
1226,Magkid,Slide Adventure MAGKID
1227,Aisya,ASH: Archaic Sealed Heat
1228,Num Diddly,Make 10: A Journey of Numbers
1229,Idea,Soma Bringer
1230,Welt,Soma Bringer
1231,T-Rex,Fossil Fighters Series
1232,Nibbles,Fossil Fighters Series
1233,Glory of Heracles Hero,Glory of Heracles Series
1234,Heracles,Glory of Heracles Series
1235,Chef (Personal Trainer: Cooking),Personal Trainer: Cooking Series
1236,Shop Assistant,Style Savvy Series
1237,Vince,Art Academy Series
1238,Looksley,Looksley's Line Up
1239,Prince Saruno,Tsukutte Utau: Saru Band
1240,Mio & Mayu Amakura,Fatal Frame Series
1241,Yuri Kozukata,Fatal Frame Series
1242,Nick,Captain Rainbow
1243,Captain Rainbow,Captain Rainbow
1244,Raymond Bryce,Disaster: Day of Crisis
1245,Beetle,Excitebots: Trick Racing
1246,Orville,Takt of Magic
1247,Frey & Freya,Zangeki no Reginleiv
1248,Ando Kensaku,And-Kensaku
1249,Zip,FlingSmash
1250,Zael,The Last Story
1251,Calista,The Last Story
1252,Aeron,Pandora's Tower
1253,Elena,Pandora's Tower
1254,Toy Poodle,Nintendogs Series
1255,French Bulldog,Nintendogs Series
1256,Labrador Retriever,Nintendogs Series
1257,BlueShark,Steel Diver Series
1258,Mallo,Pushmo
1259,Sakura Samurai,Sakura Samurai: Art of the Sword
1260,Nikki,Swapnote Series
1261,Noise,Kiki Trick
1262,Dillon,Dillon's Dead-Heat Breakers
1263,Russ,Dillon's Dead-Heat Breakers
1264,Shovel Knight,Shovel Knight Series
1265,Shield Knight,Shovel Knight Series
1266,Plague Knight,Shovel Knight Series
1267,King Knight,Shovel Knight Series
1268,Specter Knight,Shovel Knight Series
1269,Culdra,Culdcept Series
1270,Goligan,Culdcept Series
1271,Allen,Culdcept Series
1272,Tempo,HarmoKnight
1273,Eddy,Fluidity: Spin Cycle
1274,Kageshina Kurabe,Nintendoji
1275,Inuji Darumeshi,Darumeshi Sports Store
1276,Rusty Slugger,Rusty's Real Deal Baseball
1277,Arcade Bunny,Nintendo Badge Arcade
1278,Qbby,BOXBOY! Series
1279,Henry Fleming,Code Name: S.T.E.A.M.
1280,Tethu,Ever Oasis
1281,Esna,Ever Oasis
1282,Musashi,Sushi Striker: The Way of Sushido
1283,Wonder-Red,The Wonderful 101
1284,Wonder-Blue,The Wonderful 101
1285,Rayman,Rayman Series
1286,Clip & Snip,"Snipperclips - Cut it out, together! Series"
1287,Spring Man,ARMS
1288,Ribbon Girl,ARMS
1289,Min Min,ARMS
1290,Twintelle,ARMS
1291,Ninjara,ARMS
1292,Boss Galaga,Galaga Series
1293,Bomberman,Bomberman Series
1294,Akira,Virtua Fighter Series
1295,Rathalos,MONSTER HUNTER Series
1296,Shantae,Shantae Series
1297,Risky Boots,Shantae Series
1298,Partner Pikachu,Pok�mon Series
1299,Partner Eevee,Pok�mon Series
1300,Dice Block,Super Mario Series
1301,River Survival,Super Mario Series
1302,Golden Dash Mushroom,Super Mario Series
1303,Piranha Plant,Super Mario Series
1304,Joker (Phantom Thief),Persona Series
1305,Joker (Student),Persona Series
1306,Phantom Thieves of Hearts,Persona Series
1307,Igor,Persona Series
1308,Caroline & Justine,Persona Series
1309,Morgana,Persona Series
1310,Ryuji Sakamoto,Persona Series
1311,Ann Takamaki,Persona Series
1312,Yusuke Kitagawa,Persona Series
1313,Makoto Niijima,Persona Series
1314,Futaba Sakura,Persona Series
1315,Haru Okumura,Persona Series
1316,Goro Akechi,Persona Series
1317,Toy-Con Robot,Nintendo Labo Series
1318,Toy-Con Car,Nintendo Labo Series
1319,Professor Riggs & Plaise & Lerna,Nintendo Labo Series
1320,Toy-Con VR Goggles,Nintendo Labo Series
1321,Peachette,Super Mario Series
1322,Link (Link's Awakening),The Legend of Zelda Series
1323,Owl,The Legend of Zelda Series
1324,Hero (DRAGON QUEST XI S),DRAGON QUEST Series
1325,Hero (DRAGON QUEST III),DRAGON QUEST Series
1326,Hero (DRAGON QUEST IV),DRAGON QUEST Series
1327,Hero (DRAGON QUEST VIII),DRAGON QUEST Series
1328,Hero's Comrades,DRAGON QUEST Series
1329,Cetacea,DRAGON QUEST Series
1330,Slime (Dragon Quest),DRAGON QUEST Series
1331,King Slime,DRAGON QUEST Series
1332,Dracky,DRAGON QUEST Series
1333,Golem,DRAGON QUEST Series
1334,Great Sabrecub,DRAGON QUEST Series
1335,Great Sabrecat,DRAGON QUEST Series
1336,Liquid Metal Slime,DRAGON QUEST Series
1337,Banjo & Kazooie,Banjo-Kazooie Series
1338,Tooty,Banjo-Kazooie Series
1339,Bottles,Banjo-Kazooie Series
1340,Mumbo Jumbo,Banjo-Kazooie Series
1341,Jinjos,Banjo-Kazooie Series
1342,The Mighty Jinjonator,Banjo-Kazooie Series
1343,Jiggy,Banjo-Kazooie Series
1344,Gruntilda,Banjo-Kazooie Series
1345,Buzzbomb,Banjo-Kazooie Series
1346,Tockles,DRAGON QUEST Series
1347,Radiant Gleam,DAEMON X MACHINA
1348,Kloster (Grief),DAEMON X MACHINA
1349,Bullet Walker (Brigadier General),DAEMON X MACHINA
1350,High Line (Guns Empress),DAEMON X MACHINA
1351,I-Tetrimino,Tetris Series
1352,T-Tetrimino,Tetris Series
1353,S-Tetrimino & Z-Tetrimino,Tetris Series
1354,L-Tetrimino & J-Tetrimino,Tetris Series
1355,O-Tetrimino,Tetris Series
1356,Terry Bogard,FATAL FURY Series
1357,Andy Bogard,FATAL FURY Series
1358,Joe Higashi,FATAL FURY Series
1359,Kim Kaphwan,FATAL FURY Series
1360,Geese Howard,FATAL FURY Series
1361,Ryo Sakazaki,Art of Fighting Series
1362,Kyo Kusanagi,THE KING OF FIGHTERS Series
1363,Iori Yagami,THE KING OF FIGHTERS Series
1364,Haohmaru,SAMURAI SHODOWN Series
1365,Nakoruru,SAMURAI SHODOWN Series
1366,Athena Asamiya,Psycho Soldier
1367,Ralf & Clark,Ikari Warriors Series
1368,Zacian & Zamazenta,Pokémon Series
1369,"Grookey, Scorbunny, & Sobble",Pokémon Series
1370,Corviknight,Pokémon Series
1371,Morpeko,Pokémon Series
1372,Wesker,Resident Evil Series
1373,Leon,Resident Evil Series
1374,Chris,Resident Evil Series
1375,Jill,Resident Evil Series
1376,ASTRAL CHAIN Hero (Female),ASTRAL CHAIN
1377,ASTRAL CHAIN Hero (Male),ASTRAL CHAIN
1378,Kyle,ASTRAL CHAIN
1379,Lappy,ASTRAL CHAIN
1380,Byleth (Male),Fire Emblem Series
1381,Byleth (Female),Fire Emblem Series
1382,Edelgard,Fire Emblem Series
1383,Edelgard - Five Years Later,Fire Emblem Series
1384,Dimitri (Fire Emblem),Fire Emblem Series
1385,Dimitri - Five Years Later (Fire Emblem),Fire Emblem Series
1386,Claude,Fire Emblem Series
1387,Claude - Five Years Later,Fire Emblem Series
1388,Sothis,Fire Emblem Series
1389,Rhea,Fire Emblem Series
1390,Seteth,Fire Emblem Series
1391,Dorothea,Fire Emblem Series
1392,Ingrid,Fire Emblem Series
1393,Hilda (Fire Emblem),Fire Emblem Series
1394,Kunio,River City Series
1395,Riki (River City),River City Series
1396,Goda,River City Series
1397,Ryuichi & Ryuji,River City Series
1398,Cuphead,Cuphead
1399,Mugman,Cuphead
1400,The Devil (Cuphead),Cuphead
1401,King Dice,Cuphead
1402,Lotus,Warframe
1403,Natah,Warframe
1404,Ring Fit Trainees,Ring Fit Adventure
1405,Dragaux,Ring Fit Adventure
1406,Ring,Ring Fit Adventure
1407,Orville & Wilbur,Animal Crossing Series
1408,C.J.,Animal Crossing Series
1409,Flick,Animal Crossing Series
1410,Daisy Mae,Animal Crossing Series
1411,Duran & Angela,Mana Series
1412,Kevin & Charlotte,Mana Series
1413,Hawkeye & Riesz,Mana Series
1414,Min Min (Fighter),ARMS
1415,Master Mummy,ARMS
1416,Mechanica,ARMS
1417,Byte & Barq,ARMS
1418,Kid Cobra,ARMS
1419,Helix,ARMS
1420,Max Brass,ARMS
1421,Alfyn & Therion,OCTOPATH TRAVELER
1422,Tressa & Cyrus,OCTOPATH TRAVELER
1423,H'aanit & Ophilia,OCTOPATH TRAVELER
1424,Olberic & Primrose,OCTOPATH TRAVELER
1425,Peach (Paper Mario: The Origami King),Paper Mario Series
1426,Olivia,Paper Mario Series
1427,King Olly,Paper Mario Series
1428,Steve,Minecraft Series
1429,Alex,Minecraft Series
1430,Zombie,Minecraft Series
1431,Creeper,Minecraft Series
1432,Skeleton,Minecraft Series
1433,Slime (Minecraft),Minecraft Series
1434,Enderman,Minecraft Series
1435,Villager & Iron Golem,Minecraft Series
1436,Ghast,Minecraft Series
1437,Piglin,Minecraft Series
1438,Ender Dragon,Minecraft Series
1439,Sephiroth,FINAL FANTASY Series
1440,Tifa,FINAL FANTASY Series
1441,Barret,FINAL FANTASY Series
1442,Aerith,FINAL FANTASY Series
1443,Red XIII,FINAL FANTASY Series
1444,Cid,FINAL FANTASY Series
1445,Cait Sith,FINAL FANTASY Series
1446,Yuffie,FINAL FANTASY Series
1447,Vincent,FINAL FANTASY Series
1448,The Turks & Rufus Shinra,FINAL FANTASY Series
1449,Bahamut ZERO,FINAL FANTASY Series
1450,Chocobo & Moogle,FINAL FANTASY Series
1451,Shiva,FINAL FANTASY Series
1452,Ifrit,FINAL FANTASY Series
1453,Diminutive Guardian,The Legend of Zelda Series
1454,Impa (Age of Calamity),The Legend of Zelda Series
1455,Master Kohga,The Legend of Zelda Series
1456,Seth & Gloria,Bravely Default Series
1457,Elvis & Adelle,Bravely Default Series
1458,Pyra (Fighter),Xenoblade Chronicles Series
1459,Mythra (Fighter),Xenoblade Chronicles Series
1460,Rex (Master Driver),Xenoblade Chronicles Series
1461,Lora,Xenoblade Chronicles Series
1462,Amalthus,Xenoblade Chronicles Series
1463,Jin,Xenoblade Chronicles Series
1464,Malos,Xenoblade Chronicles Series
1465,Pneuma,Xenoblade Chronicles Series
1466,Sophia,Persona Series
1467,Arthur,Ghosts 'n Goblins Series
1468,Palico,MONSTER HUNTER Series
1469,Palamute,MONSTER HUNTER Series
1470,Magnamalo,MONSTER HUNTER Series
1471,Fury Bowser,Super Mario Series
1472,Giga Cat Mario,Super Mario Series
1473,Kittens,Super Mario Series
1474,Kazuya Mishima,Tekken Series
1475,Kazuya Mishima (Coat),Tekken Series
1476,Heihachi Mishima,Tekken Series
1477,Jin Kazama,Tekken Series
1478,Devil Jin,Tekken Series
1479,Kuma & Panda,Tekken Series
1480,Nina Williams,Tekken Series
1481,King & Armor King,Tekken Series
1482,Ling Xiaoyu,Tekken Series
1483,Paul Phoenix & Marshall Law,Tekken Series
1484,Yoshimitsu,Tekken Series
1485,Jack-7,Tekken Series
1486,Asuka Kazama,Tekken Series
1487,Razewing Ratha,MONSTER HUNTER Series
1488,Sakuna,Sakuna: Of Rice and Ruin
1489,Kokorowa,Sakuna: Of Rice and Ruin
1490,Tama,Sakuna: Of Rice and Ruin
1491,Mario (Mario Golf: Super Rush),Mario Golf: Super Rush
1492,Luigi (Mario Golf: Super Rush),Mario Golf: Super Rush
1493,Peach (Mario Golf: Super Rush),Mario Golf: Super Rush
1494,Travis Touchdown,No More Heroes Series
1495,Full-Armor Travis (Full Green Mode),No More Heroes Series
1496,FU (Jess-Baptiste VI),No More Heroes Series
1497,Samus (Metroid Dread),Metroid Series
1498,E.M.M.I.,Metroid Series
1499,Chozo Soldier,Metroid Series
1500,Sora,KINGDOM HEARTS Series
1501,Sora (KINGDOM HEARTS II),KINGDOM HEARTS Series
1502,Sora (KINGDOM HEARTS 3D [Dream Drop Distance]),KINGDOM HEARTS Series
1503,Sora (KINGDOM HEARTS III),KINGDOM HEARTS Series
1504,Sora (Timeless River),KINGDOM HEARTS Series
1505,Riku,KINGDOM HEARTS Series
1506,Kairi,KINGDOM HEARTS Series
1507,Roxas,KINGDOM HEARTS Series
1508,Axel,KINGDOM HEARTS Series
1509,Xion,KINGDOM HEARTS Series
1510,Terra,KINGDOM HEARTS Series
1511,Ventus,KINGDOM HEARTS Series
1512,Aqua,KINGDOM HEARTS Series
1513,Evil Ryu,Street Fighter Series
